,EURUSD,GBPUSD,USDJPY,AUDUSD,NZDUSD,USDCAD,USDCHF,USDNOK,USDSEK
EURUSD,0.0,0.07748193070980665,0.01005799486470631,0.008530410247597027,0.005465154355008037,0.1695026861641303,0.017520520769341467,0.48518770963487,0.08968321977287036
GBPUSD,0.4058052543857213,0.0,0.014109933243902556,0.011966949750496902,0.007666832619628541,0.23778810971861436,0.02457879346521568,0.6806492035239163,0.12581277492334378
USDJPY,0.7613252593659663,0.20392316201224422,0.0,0.02245101812791389,0.014383631728696333,0.4461107695111125,0.04611191232142474,1.2769559432996767,0.23603549354001885
AUDUSD,0.8028374217933004,0.21504231420114941,0.0279148244257157,0.0,0.015167916302564099,0.47043548814707514,0.04862621901304317,1.3465834801227048,0.2489056086792556
NZDUSD,0.9275524286641987,0.2484475877535762,0.03225119119879991,0.027352956091162905,0.0,0.5435142504767194,0.05617995165392005,1.5557655180010783,0.28757130095266664
USDCAD,0.3281202476172376,0.0878879527392426,0.011408809373008704,0.009676066223686247,0.0061991386025802685,0.0,0.01987357164743326,0.5503496635074651,0.10172790621883057
USDCHF,0.6377245871081175,0.17081636619326612,0.022173816762702487,0.01880610959592284,0.012048458254146478,0.3736849694543008,0.0,1.0696429570381423,0.19771528109552985
USDNOK,0.2620268559510022,0.07018464754756025,0.009110728374315502,0.0077270123650638135,0.004950443654222283,0.15353884677125762,0.015870430225228035,0.0,0.08123681370645856
USDSEK,0.38928046942128175,0.10426989418439779,0.01353536302777503,0.01147964390817468,0.007354631732556508,0.22810514643084534,0.023577921070616258,0.6529325054208429,0.0
